{
  "baseline": {
    "best_epoch": 82,
    "train_mse": 41.770790100097656,
    "train_mae": 4.252094268798828,
    "train_spearman": 0.5672945032070752,
    "val_mse": 47.3109130859375,
    "val_mae": 4.534994602203369,
    "val_spearman": 0.4827049403612772,
    "test_mse": 43.552085876464844,
    "test_mae": 4.696803092956543,
    "test_spearman": 0.5633304268672018
  },
  "structural": {
    "best_epoch": 99,
    "train_mse": 43.72470474243164,
    "train_mae": 4.314441204071045,
    "train_spearman": 0.5571870832764955,
    "val_mse": 48.70676040649414,
    "val_mae": 4.523011207580566,
    "val_spearman": 0.4632259646215316,
    "test_mse": 46.18022918701172,
    "test_mae": 4.7589850425720215,
    "test_spearman": 0.5631654990190741
  },
  "topological": {
    "best_epoch": 90,
    "train_mse": 42.67174530029297,
    "train_mae": 4.2999749183654785,
    "train_spearman": 0.550456727849843,
    "val_mse": 48.385704040527344,
    "val_mae": 4.544153213500977,
    "val_spearman": 0.4582652874028805,
    "test_mse": 44.94184875488281,
    "test_mae": 4.718527793884277,
    "test_spearman": 0.5592946213907123
  },
  "combined": {
    "best_epoch": 94,
    "train_mse": 48.14409255981445,
    "train_mae": 4.768354415893555,
    "train_spearman": 0.4774594074223418,
    "val_mse": 50.297035217285156,
    "val_mae": 4.7543768882751465,
    "val_spearman": 0.46477007411358773,
    "test_mse": 49.61334228515625,
    "test_mae": 5.148637771606445,
    "test_spearman": 0.48597746234307154
  }
}