{
  "baseline": {
    "best_epoch": 94,
    "train_mse": 50.076236724853516,
    "train_mae": 4.70760440826416,
    "train_spearman": 0.46799841260234315,
    "val_mse": 49.76062774658203,
    "val_mae": 4.569005012512207,
    "val_spearman": 0.44279057227853386,
    "test_mse": 52.71337127685547,
    "test_mae": 5.181199550628662,
    "test_spearman": 0.4945946220608879
  },
  "structural": {
    "best_epoch": 95,
    "train_mse": 45.55049514770508,
    "train_mae": 4.551451206207275,
    "train_spearman": 0.5048490587673106,
    "val_mse": 49.253990173339844,
    "val_mae": 4.610852241516113,
    "val_spearman": 0.4685053459327137,
    "test_mse": 46.12940979003906,
    "test_mae": 4.853045463562012,
    "test_spearman": 0.5353934281468826
  },
  "topological": {
    "best_epoch": 96,
    "train_mse": 52.05549240112305,
    "train_mae": 5.078951835632324,
    "train_spearman": 0.3906461787397337,
    "val_mse": 52.542667388916016,
    "val_mae": 4.981766700744629,
    "val_spearman": 0.3972538523078688,
    "test_mse": 54.15657043457031,
    "test_mae": 5.4400811195373535,
    "test_spearman": 0.41774424806386096
  },
  "combined": {
    "best_epoch": 99,
    "train_mse": 46.15469741821289,
    "train_mae": 4.637358665466309,
    "train_spearman": 0.49891673445767004,
    "val_mse": 49.761600494384766,
    "val_mae": 4.706750392913818,
    "val_spearman": 0.479550477159001,
    "test_mse": 47.23661422729492,
    "test_mae": 4.976898670196533,
    "test_spearman": 0.5204577121306236
  }
}